id,name,status,geometry,x_min,y_min,x_max,y_max,z_min,z_max,source
cm5,Raspberry Pi CM5008032,envelope,manufacturer STEP,31.00,24.00,86.00,64.00,2.89,7.51,"CM5 datasheet §4.1.1 and official STEP; §18 X 31–86, Y 24–64"
cm5_conn_a,Amphenol 10164227-1004A1RLF CM5 board-to-board connector (lower),drawing,manufacturer STEP,44.70,25.31,67.30,28.69,0.00,3.90,Amphenol STEP placed under the CM5 STEP's connector
cm5_conn_b,Amphenol 10164227-1004A1RLF CM5 board-to-board connector (upper),drawing,manufacturer STEP,44.70,59.31,67.30,62.69,0.00,3.90,Amphenol STEP placed under the CM5 STEP's connector
cm5_underside,CM5 underside keepout (top side),envelope,box,31.00,24.00,86.00,64.00,0.00,2.50,"§18 / §5: no inductors, switching regulators, tall capacitors or connectors under the CM5"
halow_card,Gateworks GW16170 (M.2 2230),envelope,manufacturer STEP,7.00,34.00,29.00,64.70,0.50,5.99,"§18: HaLow M.2 X 4–26, Y 34–64, antenna end toward the top wall; Gateworks STEP; seated per the TE STEP"
halow_socket,TE 2199119-6 M.2 E-key socket (HaLow),envelope,manufacturer STEP,7.05,30.10,28.95,38.80,-0.64,2.98,TE STEP; placed so the §18 card edge (Y 34) sits on the slot floor
wifi_card,AsiaRF AW7916-AED (M.2 3052 A+E key),envelope,box,88.00,10.90,118.00,62.90,1.20,3.60,"GHO-37: AsiaRF datasheet 52 x 30 mm; X 88-118, Y 10.9-62.9, antenna end toward the top wall; thickness assumed"
wifi_socket,TE 2199119-6 M.2 E-key socket (Wi-Fi),envelope,manufacturer STEP,92.05,7.00,113.95,15.70,-0.64,2.98,TE STEP; placed so the §18 card edge (Y 34) sits on the slot floor
eth_feedthrough,Amphenol LTW RCP-5SPFFH-SCU7001 sealed Ethernet feed-through (left wall),drawing,manufacturer STEP,-19.80,1.00,19.98,27.00,-2.66,26.66,"LTW drawing RCP-6APFFH-SCM7001 rev A (37 mm deep, 15 mm thread, Ø20.8 mm cut-out) and LTW equivalent STEP; axis Y 14, Z 12 assumed"
eth_plug,RJ45 plug and boot in the feed-through's inner jack,assumption,box,20.00,6.00,40.50,22.00,4.00,20.00,"D-025: RJ45 plug + boot 16 × 16 mm around the connector axis, X 20–40.5; replaces the 25 × 25 mm envelope"
eth_cable,Pigtail bend from the plug down to the board header,assumption,box,40.50,2.00,48.00,22.00,3.50,20.00,"D-025: thin 8-wire pigtail turning down and toward the bottom edge, X 40.5–48, Y 2–22, above 3.5 mm"
eth_header,"Molex Pico-Lock 504050-0891 8-pin right-angle header, mated with 504051-0801",assumption,box,41.00,1.50,56.95,9.50,0.00,2.00,"GHO-45: Molex 504050-0891 + 504051-0801; width and height from Molex drawings, mated depth assumed"
eth_magnetics,Discrete 1000BASE-T magnetics module,assumption,box,23.00,12.00,37.00,21.00,0.00,0.10,"§18: 14 × 9 mm placeholder X 23–37, Y 12–21; part not selected"
power_input,Power-input termination (behind the bottom-wall receptacle),assumption,box,26.00,0.50,38.00,8.50,0.00,0.10,"§18: placeholder X 26–38, Y 0.5–8.5 on the bottom edge"
usb_hub,TI TUSB4041IPAPRG4 with support parts,envelope,box,39.00,10.00,53.00,24.00,0.00,1.20,"§18: X 39–53, Y 10–24"
gnss,u-blox MAX-M10S-00B with RF front end,envelope,box,120.50,7.00,136.50,21.00,0.00,2.50,"§18: X 96–112, Y 5–19, corner farthest from the HaLow module; GHO-37 moves it right of the Wi-Fi card"
bucks,5 V and 3.3 V LM76005 bucks (bottom),envelope,box,30.00,3.00,66.00,17.00,-4.60,-1.60,"§18 bottom side: X 30–66, Y 3–17; 3 mm height assumed"
charger,BQ25798 charger with TPS25751A PD controller (bottom),envelope,box,38.00,26.00,60.00,42.00,-4.60,-1.60,"§18 bottom side: X 38–60, Y 26–42, under the CM5; 3 mm height assumed"
efuse,TPS26633 eFuse block (bottom),envelope,box,62.00,26.00,80.00,36.00,-4.60,-1.60,"§18 bottom side: X 62–80, Y 26–36, under the CM5; 3 mm height assumed"
shunt,Shunt and INA228 (bottom),envelope,box,68.00,3.00,80.00,11.00,-4.60,-1.60,"§18 bottom side: X 70–82, Y 3–11; 3 mm height assumed"
supervisor,TPS386000 supervisor (bottom),envelope,box,70.00,13.00,79.00,22.00,-4.60,-1.60,"§18 bottom side: X 70–79, Y 13–22; 3 mm height assumed"
pack_contacts,"Pack pogo daughterboard zone (Mill-Max 7911 × 8, below the carrier)",assumption,box,12.50,25.50,36.50,41.50,-12.00,-1.60,"M-10/M-14: 24 × 16 mm at board X 12.5–36.5, Y 25.5–41.5 (frame mapping assumed)"
boss_ll,"M3 enclosure fixing (left edge, above the Ethernet feed-through)",assumption,box,0.50,26.00,6.50,32.00,-6.00,20.00,"D-025: §18 asks for four M3 points without positions; 6 mm keepout (M3 head) through the full height, placed where the board is clear on both sides"
boss_lr,M3 enclosure fixing (lower-right corner),assumption,box,131.50,0.50,137.50,6.50,-6.00,20.00,same as boss_ll
boss_ul,M3 enclosure fixing (upper-left corner),assumption,box,0.50,60.50,6.50,66.50,-6.00,20.00,same as boss_ll
boss_ur,M3 enclosure fixing (upper-right corner),assumption,box,131.50,60.50,137.50,66.50,-6.00,20.00,same as boss_ll
radio_load_switches,TPS22975 radio load switches (one beside each radio),blocked,none,,,,,,,§18 gives no coordinates
rf_connectors,"Enclosure RF bulkheads (HaLow, 2 × Wi-Fi, GNSS) and pigtails",blocked,none,,,,,,,§18 CAD blockers: connector types and part numbers not selected
enclosure,"Aluminum enclosure, lid, bosses and pack interface plate",blocked,none,,,,,,,§18: not frozen
